pi_number , temperature in celcius, humidity percentage, date time
1,19.700000762939453,59.099998474121094,Tue Aug 11 14:32:16 2015
1,19.600000381469727,59.29999923706055,Tue Aug 11 14:32:27 2015
1,19.600000381469727,59.29999923706055,Tue Aug 11 14:32:33 2015
1,19.600000381469727,59.29999923706055,Tue Aug 11 14:32:38 2015
1,19.600000381469727,59.29999923706055,Tue Aug 11 14:32:44 2015
1,19.600000381469727,59.29999923706055,Tue Aug 11 14:32:54 2015
1,19.600000381469727,59.29999923706055,Tue Aug 11 14:33:00 2015
1,19.600000381469727,59.29999923706055,Tue Aug 11 14:33:05 2015
1,19.600000381469727,59.29999923706055,Tue Aug 11 14:33:11 2015
1,19.5,59.5,Tue Aug 11 14:33:19 2015
1,19.600000381469727,59.5,Tue Aug 11 14:33:25 2015
1,19.5,59.5,Tue Aug 11 14:33:33 2015
1,19.5,59.599998474121094,Tue Aug 11 14:33:41 2015
1,19.5,59.599998474121094,Tue Aug 11 14:33:46 2015
1,19.5,59.70000076293945,Tue Aug 11 14:33:54 2015
1,19.5,59.70000076293945,Tue Aug 11 14:34:00 2015
1,19.5,59.79999923706055,Tue Aug 11 14:34:06 2015
1,19.5,59.70000076293945,Tue Aug 11 14:34:11 2015
1,19.5,59.70000076293945,Tue Aug 11 14:34:19 2015
1,19.5,59.70000076293945,Tue Aug 11 14:34:25 2015
1,19.5,59.70000076293945,Tue Aug 11 14:34:30 2015
1,19.5,59.79999923706055,Tue Aug 11 14:34:36 2015
1,19.5,59.79999923706055,Tue Aug 11 14:34:44 2015
1,19.5,59.79999923706055,Tue Aug 11 14:34:49 2015
1,19.5,59.79999923706055,Tue Aug 11 14:34:55 2015
1,19.5,59.79999923706055,Tue Aug 11 14:35:01 2015
1,19.5,59.900001525878906,Tue Aug 11 14:35:06 2015
1,19.5,59.900001525878906,Tue Aug 11 14:35:14 2015
1,19.5,59.900001525878906,Tue Aug 11 14:35:22 2015
1,19.5,59.900001525878906,Tue Aug 11 14:35:28 2015
1,19.5,59.900001525878906,Tue Aug 11 14:35:33 2015
1,19.5,60.0,Tue Aug 11 14:35:39 2015
1,19.5,60.0,Tue Aug 11 14:35:45 2015
1,19.399999618530273,59.900001525878906,Tue Aug 11 14:35:53 2015
1,19.399999618530273,59.900001525878906,Tue Aug 11 14:35:58 2015
1,19.399999618530273,59.900001525878906,Tue Aug 11 14:36:04 2015
1,19.399999618530273,60.0,Tue Aug 11 14:36:09 2015
1,19.399999618530273,60.0,Tue Aug 11 14:36:15 2015
1,19.399999618530273,60.0,Tue Aug 11 14:36:20 2015
1,19.399999618530273,60.0,Tue Aug 11 14:36:26 2015
1,19.399999618530273,60.0,Tue Aug 11 14:36:32 2015
1,19.399999618530273,60.0,Tue Aug 11 14:36:42 2015
1,19.399999618530273,60.0,Tue Aug 11 14:36:48 2015
1,19.399999618530273,60.0,Tue Aug 11 14:36:53 2015
1,19.399999618530273,60.0,Tue Aug 11 14:36:59 2015
1,19.399999618530273,60.0,Tue Aug 11 14:37:04 2015
1,19.399999618530273,60.0,Tue Aug 11 14:37:10 2015
1,19.399999618530273,60.0,Tue Aug 11 14:37:15 2015
1,19.399999618530273,60.0,Tue Aug 11 14:37:21 2015
1,19.399999618530273,60.0,Tue Aug 11 14:37:32 2015
1,19.399999618530273,60.0,Tue Aug 11 14:37:37 2015
1,19.399999618530273,60.0,Tue Aug 11 14:37:43 2015
1,19.399999618530273,60.0,Tue Aug 11 14:37:48 2015
1,19.399999618530273,59.900001525878906,Tue Aug 11 14:37:54 2015
1,19.399999618530273,59.900001525878906,Tue Aug 11 14:38:04 2015
1,19.399999618530273,59.900001525878906,Tue Aug 11 14:38:10 2015
1,19.399999618530273,59.900001525878906,Tue Aug 11 14:38:16 2015
1,19.399999618530273,59.900001525878906,Tue Aug 11 14:38:21 2015
1,19.399999618530273,59.900001525878906,Tue Aug 11 14:38:27 2015
1,19.399999618530273,59.900001525878906,Tue Aug 11 14:38:32 2015
1,19.399999618530273,59.900001525878906,Tue Aug 11 14:38:38 2015
1,19.399999618530273,60.0,Tue Aug 11 14:38:43 2015
1,19.399999618530273,60.0,Tue Aug 11 14:38:49 2015
1,19.399999618530273,60.0,Tue Aug 11 14:38:54 2015
1,19.399999618530273,60.0,Tue Aug 11 14:39:03 2015
1,19.399999618530273,60.0,Tue Aug 11 14:39:08 2015
1,19.399999618530273,60.0,Tue Aug 11 14:39:14 2015
1,19.299999237060547,60.0,Tue Aug 11 14:39:27 2015
1,19.399999618530273,60.0,Tue Aug 11 14:39:35 2015
1,19.399999618530273,60.0,Tue Aug 11 14:39:40 2015
1,19.399999618530273,60.0,Tue Aug 11 14:39:46 2015
1,19.399999618530273,60.0,Tue Aug 11 14:39:54 2015
1,19.399999618530273,60.0,Tue Aug 11 14:40:02 2015
1,19.399999618530273,60.0,Tue Aug 11 14:40:10 2015
1,19.299999237060547,60.0,Tue Aug 11 14:40:16 2015
1,19.399999618530273,60.099998474121094,Tue Aug 11 14:40:24 2015
1,19.299999237060547,60.099998474121094,Tue Aug 11 14:40:29 2015
1,19.299999237060547,60.099998474121094,Tue Aug 11 14:40:38 2015
1,19.299999237060547,60.099998474121094,Tue Aug 11 14:40:43 2015
1,19.399999618530273,60.099998474121094,Tue Aug 11 14:40:49 2015
1,19.299999237060547,60.20000076293945,Tue Aug 11 14:40:59 2015
1,19.399999618530273,60.099998474121094,Tue Aug 11 14:41:05 2015
1,19.299999237060547,60.099998474121094,Tue Aug 11 14:41:18 2015
1,19.299999237060547,60.099998474121094,Tue Aug 11 14:41:24 2015
1,19.399999618530273,60.099998474121094,Tue Aug 11 14:41:29 2015
1,19.299999237060547,60.099998474121094,Tue Aug 11 14:41:45 2015
1,19.299999237060547,60.099998474121094,Tue Aug 11 14:41:50 2015
1,19.299999237060547,60.099998474121094,Tue Aug 11 14:41:56 2015
1,19.299999237060547,60.099998474121094,Tue Aug 11 14:42:01 2015
1,19.399999618530273,60.099998474121094,Tue Aug 11 14:42:10 2015
1,19.299999237060547,60.099998474121094,Tue Aug 11 14:42:18 2015
1,19.299999237060547,60.099998474121094,Tue Aug 11 14:42:23 2015
1,19.299999237060547,60.099998474121094,Tue Aug 11 14:42:29 2015
1,19.299999237060547,60.099998474121094,Tue Aug 11 14:42:37 2015
1,19.299999237060547,60.099998474121094,Tue Aug 11 14:42:42 2015
1,19.299999237060547,60.099998474121094,Tue Aug 11 14:42:48 2015
1,19.299999237060547,60.20000076293945,Tue Aug 11 14:42:56 2015
1,19.299999237060547,60.099998474121094,Tue Aug 11 14:43:02 2015
1,19.299999237060547,60.20000076293945,Tue Aug 11 14:43:07 2015
1,19.299999237060547,60.20000076293945,Tue Aug 11 14:43:13 2015
1,19.299999237060547,60.20000076293945,Tue Aug 11 14:43:18 2015
1,19.299999237060547,60.20000076293945,Tue Aug 11 14:43:26 2015
1,19.299999237060547,60.20000076293945,Tue Aug 11 14:43:32 2015
1,19.299999237060547,60.20000076293945,Tue Aug 11 14:43:37 2015
1,19.299999237060547,60.20000076293945,Tue Aug 11 14:43:51 2015
1,19.299999237060547,60.20000076293945,Tue Aug 11 14:43:59 2015
1,19.299999237060547,60.20000076293945,Tue Aug 11 14:44:04 2015
1,19.299999237060547,60.20000076293945,Tue Aug 11 14:44:10 2015
1,19.299999237060547,60.29999923706055,Tue Aug 11 14:44:18 2015
1,19.299999237060547,60.29999923706055,Tue Aug 11 14:44:23 2015
1,19.299999237060547,60.29999923706055,Tue Aug 11 14:44:32 2015
1,19.299999237060547,60.20000076293945,Tue Aug 11 14:44:40 2015
1,19.299999237060547,60.20000076293945,Tue Aug 11 14:44:45 2015
1,19.299999237060547,60.20000076293945,Tue Aug 11 14:44:51 2015
1,19.299999237060547,60.20000076293945,Tue Aug 11 14:44:56 2015
1,19.299999237060547,60.20000076293945,Tue Aug 11 14:45:02 2015
1,19.299999237060547,60.29999923706055,Tue Aug 11 14:45:12 2015
1,19.299999237060547,60.29999923706055,Tue Aug 11 14:45:18 2015
1,19.299999237060547,60.29999923706055,Tue Aug 11 14:45:24 2015
1,19.299999237060547,60.29999923706055,Tue Aug 11 14:45:32 2015
1,19.200000762939453,60.20000076293945,Tue Aug 11 14:45:37 2015
1,19.200000762939453,60.20000076293945,Tue Aug 11 14:45:45 2015
1,19.200000762939453,60.20000076293945,Tue Aug 11 14:45:51 2015
1,19.299999237060547,60.29999923706055,Tue Aug 11 14:45:56 2015
1,19.299999237060547,60.29999923706055,Tue Aug 11 14:46:02 2015
1,19.299999237060547,60.29999923706055,Tue Aug 11 14:46:08 2015
1,19.299999237060547,60.29999923706055,Tue Aug 11 14:46:13 2015
1,19.299999237060547,60.29999923706055,Tue Aug 11 14:46:21 2015
1,19.299999237060547,60.29999923706055,Tue Aug 11 14:46:34 2015
1,19.299999237060547,60.29999923706055,Tue Aug 11 14:46:40 2015
1,19.299999237060547,60.5,Tue Aug 11 14:46:48 2015
1,19.299999237060547,60.5,Tue Aug 11 14:46:58 2015
1,19.299999237060547,60.5,Tue Aug 11 14:47:09 2015
1,19.299999237060547,60.5,Tue Aug 11 14:47:15 2015
1,19.299999237060547,60.5,Tue Aug 11 14:47:20 2015
1,19.299999237060547,60.5,Tue Aug 11 14:47:26 2015
1,19.299999237060547,60.5,Tue Aug 11 14:47:31 2015
1,19.299999237060547,60.5,Tue Aug 11 14:47:37 2015
1,19.399999618530273,60.400001525878906,Tue Aug 11 14:47:42 2015
1,19.299999237060547,60.400001525878906,Tue Aug 11 14:47:48 2015
1,19.399999618530273,60.5,Tue Aug 11 14:47:56 2015
1,19.299999237060547,60.5,Tue Aug 11 14:48:02 2015
1,19.299999237060547,60.5,Tue Aug 11 14:48:10 2015
1,19.299999237060547,60.5,Tue Aug 11 14:48:15 2015
1,19.299999237060547,60.5,Tue Aug 11 14:48:21 2015
1,19.399999618530273,60.5,Tue Aug 11 14:48:26 2015
1,19.399999618530273,60.5,Tue Aug 11 14:48:32 2015
1,19.299999237060547,60.599998474121094,Tue Aug 11 14:48:38 2015
1,19.399999618530273,60.599998474121094,Tue Aug 11 14:48:43 2015
1,19.399999618530273,60.5,Tue Aug 11 14:48:49 2015
1,19.399999618530273,60.5,Tue Aug 11 14:48:54 2015
1,19.399999618530273,60.5,Tue Aug 11 14:49:02 2015
1,19.399999618530273,60.5,Tue Aug 11 14:49:08 2015
1,19.399999618530273,60.5,Tue Aug 11 14:49:13 2015
1,19.399999618530273,60.5,Tue Aug 11 14:49:19 2015
1,19.399999618530273,60.5,Tue Aug 11 14:49:25 2015
1,19.399999618530273,60.400001525878906,Tue Aug 11 14:49:35 2015
1,19.399999618530273,60.29999923706055,Tue Aug 11 14:49:43 2015
1,19.399999618530273,60.29999923706055,Tue Aug 11 14:49:51 2015
1,19.399999618530273,60.400001525878906,Tue Aug 11 14:49:57 2015
1,19.399999618530273,60.400001525878906,Tue Aug 11 14:50:02 2015
1,19.399999618530273,60.400001525878906,Tue Aug 11 14:50:08 2015
1,19.399999618530273,60.5,Tue Aug 11 14:50:19 2015
1,19.399999618530273,60.5,Tue Aug 11 14:50:24 2015
1,19.399999618530273,60.5,Tue Aug 11 14:50:30 2015
1,19.399999618530273,60.5,Tue Aug 11 14:50:35 2015
1,19.399999618530273,60.5,Tue Aug 11 14:50:41 2015
1,19.399999618530273,60.400001525878906,Tue Aug 11 14:50:57 2015
1,19.399999618530273,60.400001525878906,Tue Aug 11 14:51:05 2015
1,19.399999618530273,60.400001525878906,Tue Aug 11 14:51:10 2015
1,19.399999618530273,60.400001525878906,Tue Aug 11 14:51:16 2015
1,19.399999618530273,60.29999923706055,Tue Aug 11 14:51:24 2015
1,19.399999618530273,60.29999923706055,Tue Aug 11 14:51:29 2015
1,19.399999618530273,60.29999923706055,Tue Aug 11 14:51:35 2015
1,19.399999618530273,60.29999923706055,Tue Aug 11 14:51:40 2015
1,19.399999618530273,60.29999923706055,Tue Aug 11 14:51:49 2015
1,19.399999618530273,60.29999923706055,Tue Aug 11 14:51:57 2015
1,19.399999618530273,60.29999923706055,Tue Aug 11 14:52:02 2015
1,19.299999237060547,60.29999923706055,Tue Aug 11 14:52:13 2015
1,19.399999618530273,60.20000076293945,Tue Aug 11 14:52:18 2015
1,19.399999618530273,60.20000076293945,Tue Aug 11 14:52:34 2015
1,19.399999618530273,60.20000076293945,Tue Aug 11 14:52:40 2015
1,19.399999618530273,60.29999923706055,Tue Aug 11 14:52:50 2015
1,19.399999618530273,60.29999923706055,Tue Aug 11 14:52:58 2015
1,19.399999618530273,60.29999923706055,Tue Aug 11 14:53:04 2015
1,19.399999618530273,60.29999923706055,Tue Aug 11 14:53:09 2015
1,19.399999618530273,60.29999923706055,Tue Aug 11 14:53:20 2015
1,19.399999618530273,60.20000076293945,Tue Aug 11 14:53:26 2015
1,19.5,60.29999923706055,Tue Aug 11 16:31:17 2015
1,19.399999618530273,60.29999923706055,Tue Aug 11 16:31:31 2015
1,19.399999618530273,60.29999923706055,Tue Aug 11 16:31:36 2015
1,19.5,60.29999923706055,Tue Aug 11 16:31:44 2015
1,19.399999618530273,60.20000076293945,Tue Aug 11 16:31:50 2015
1,19.5,60.29999923706055,Tue Aug 11 16:31:56 2015
1,19.5,60.29999923706055,Tue Aug 11 16:32:09 2015
1,19.5,60.29999923706055,Tue Aug 11 16:32:15 2015
1,19.5,60.29999923706055,Tue Aug 11 16:32:20 2015
1,19.399999618530273,60.099998474121094,Tue Aug 11 16:32:36 2015
1,19.5,60.099998474121094,Tue Aug 11 16:32:47 2015
1,19.5,60.099998474121094,Tue Aug 11 16:32:52 2015
1,19.5,60.099998474121094,Tue Aug 11 16:32:58 2015
1,19.5,60.099998474121094,Tue Aug 11 16:33:06 2015
1,19.5,60.099998474121094,Tue Aug 11 16:33:12 2015
1,19.5,60.099998474121094,Tue Aug 11 16:33:17 2015
1,19.5,60.099998474121094,Tue Aug 11 16:33:26 2015
1,19.5,60.099998474121094,Tue Aug 11 16:33:31 2015
1,19.5,60.099998474121094,Tue Aug 11 16:33:39 2015
1,19.5,60.099998474121094,Tue Aug 11 16:33:45 2015
1,19.5,60.0,Tue Aug 11 16:33:51 2015
1,19.5,60.0,Tue Aug 11 16:33:56 2015
1,19.5,60.099998474121094,Tue Aug 11 16:34:04 2015
1,19.5,60.20000076293945,Tue Aug 11 16:34:15 2015
1,19.5,60.20000076293945,Tue Aug 11 16:34:31 2015
1,19.5,60.20000076293945,Tue Aug 11 16:34:42 2015
1,19.5,60.20000076293945,Tue Aug 11 16:34:47 2015
1,19.5,60.20000076293945,Tue Aug 11 16:34:55 2015
1,19.5,60.20000076293945,Tue Aug 11 16:35:06 2015
1,19.5,60.099998474121094,Tue Aug 11 16:35:12 2015
1,19.5,60.099998474121094,Tue Aug 11 16:35:17 2015
1,19.5,60.099998474121094,Tue Aug 11 16:35:23 2015
1,19.5,60.0,Tue Aug 11 16:35:36 2015
1,19.5,60.0,Tue Aug 11 16:35:44 2015
1,19.5,60.0,Tue Aug 11 16:35:50 2015
1,19.5,59.900001525878906,Tue Aug 11 16:35:58 2015
1,19.5,59.900001525878906,Tue Aug 11 16:36:04 2015
1,19.5,59.900001525878906,Tue Aug 11 16:36:09 2015
1,19.5,59.900001525878906,Tue Aug 11 16:36:23 2015
1,19.5,59.900001525878906,Tue Aug 11 16:36:28 2015
1,19.399999618530273,59.79999923706055,Tue Aug 11 16:36:34 2015
1,19.5,59.900001525878906,Tue Aug 11 16:36:40 2015
1,19.5,59.900001525878906,Tue Aug 11 16:36:45 2015
1,19.5,59.79999923706055,Tue Aug 11 16:36:51 2015
1,19.5,59.900001525878906,Tue Aug 11 16:36:57 2015
1,19.5,59.79999923706055,Tue Aug 11 16:37:02 2015
1,19.399999618530273,59.70000076293945,Tue Aug 11 16:37:08 2015
1,19.5,59.79999923706055,Tue Aug 11 16:37:13 2015
1,19.399999618530273,59.599998474121094,Tue Aug 11 16:37:24 2015
1,19.5,59.70000076293945,Tue Aug 11 16:37:30 2015
1,19.5,59.70000076293945,Tue Aug 11 16:37:35 2015
1,19.399999618530273,59.599998474121094,Tue Aug 11 16:37:41 2015
1,19.5,59.70000076293945,Tue Aug 11 16:37:47 2015
1,19.399999618530273,59.599998474121094,Tue Aug 11 16:37:52 2015
1,19.399999618530273,59.599998474121094,Tue Aug 11 16:38:06 2015
1,19.5,59.70000076293945,Tue Aug 11 16:38:11 2015
1,19.399999618530273,59.599998474121094,Tue Aug 11 16:38:22 2015
1,19.5,59.70000076293945,Tue Aug 11 16:38:28 2015
1,19.399999618530273,59.5,Tue Aug 11 16:38:36 2015
1,19.399999618530273,59.5,Tue Aug 11 16:38:41 2015
1,19.399999618530273,59.5,Tue Aug 11 16:38:47 2015
1,19.5,59.599998474121094,Tue Aug 11 16:38:55 2015
1,19.399999618530273,59.5,Tue Aug 11 16:39:01 2015
1,19.399999618530273,59.5,Tue Aug 11 16:39:06 2015
1,19.5,59.599998474121094,Tue Aug 11 16:39:12 2015
1,19.5,59.599998474121094,Tue Aug 11 16:39:20 2015
1,19.399999618530273,59.5,Tue Aug 11 16:39:28 2015
1,19.399999618530273,59.5,Tue Aug 11 16:39:34 2015
1,19.5,59.599998474121094,Tue Aug 11 16:39:40 2015
1,19.399999618530273,59.400001525878906,Tue Aug 11 16:39:48 2015
1,19.399999618530273,59.400001525878906,Tue Aug 11 16:39:54 2015
1,19.5,59.5,Tue Aug 11 16:39:59 2015
1,19.399999618530273,59.400001525878906,Tue Aug 11 16:40:05 2015
1,19.399999618530273,59.400001525878906,Tue Aug 11 16:40:15 2015
1,19.399999618530273,59.29999923706055,Tue Aug 11 16:40:21 2015
1,19.399999618530273,59.29999923706055,Tue Aug 11 16:40:32 2015
1,19.399999618530273,59.400001525878906,Tue Aug 11 16:40:43 2015
1,19.399999618530273,59.29999923706055,Tue Aug 11 16:40:48 2015
1,19.399999618530273,59.29999923706055,Tue Aug 11 16:40:59 2015
1,19.399999618530273,59.29999923706055,Tue Aug 11 16:41:10 2015
1,19.399999618530273,59.400001525878906,Tue Aug 11 16:41:15 2015
1,19.399999618530273,59.400001525878906,Tue Aug 11 16:41:21 2015
1,19.399999618530273,59.400001525878906,Tue Aug 11 16:41:26 2015
1,19.399999618530273,59.400001525878906,Tue Aug 11 16:41:32 2015
1,19.399999618530273,59.400001525878906,Tue Aug 11 16:41:38 2015
1,19.399999618530273,59.29999923706055,Tue Aug 11 16:41:46 2015
1,19.399999618530273,59.400001525878906,Tue Aug 11 16:41:51 2015
1,19.399999618530273,59.400001525878906,Tue Aug 11 16:42:02 2015
1,19.399999618530273,59.599998474121094,Tue Aug 11 16:42:15 2015
1,19.399999618530273,59.599998474121094,Tue Aug 11 16:42:21 2015
1,19.399999618530273,59.599998474121094,Tue Aug 11 16:42:31 2015
1,19.399999618530273,59.70000076293945,Tue Aug 11 16:42:42 2015
1,19.399999618530273,59.70000076293945,Tue Aug 11 16:42:58 2015
1,19.399999618530273,59.70000076293945,Tue Aug 11 16:43:03 2015
1,19.399999618530273,59.70000076293945,Tue Aug 11 16:43:21 2015
1,19.399999618530273,59.70000076293945,Tue Aug 11 16:43:37 2015
1,19.399999618530273,59.70000076293945,Tue Aug 11 16:43:43 2015
1,19.399999618530273,59.70000076293945,Tue Aug 11 16:43:48 2015
1,19.399999618530273,59.70000076293945,Tue Aug 11 16:43:54 2015
1,19.399999618530273,59.70000076293945,Tue Aug 11 16:44:00 2015
1,19.399999618530273,59.70000076293945,Tue Aug 11 16:44:05 2015
1,19.399999618530273,59.79999923706055,Tue Aug 11 16:44:16 2015
1,19.399999618530273,59.79999923706055,Tue Aug 11 16:44:22 2015
1,19.399999618530273,59.79999923706055,Tue Aug 11 16:44:30 2015
1,19.399999618530273,59.79999923706055,Tue Aug 11 16:44:38 2015
1,19.399999618530273,59.79999923706055,Tue Aug 11 16:44:44 2015
1,19.399999618530273,59.79999923706055,Tue Aug 11 16:44:49 2015
1,19.399999618530273,59.79999923706055,Tue Aug 11 16:44:57 2015
1,19.399999618530273,59.79999923706055,Tue Aug 11 16:45:03 2015
1,19.399999618530273,59.79999923706055,Tue Aug 11 16:45:09 2015
1,19.399999618530273,59.900001525878906,Tue Aug 11 16:45:22 2015
1,19.399999618530273,59.900001525878906,Tue Aug 11 16:45:27 2015
1,19.399999618530273,59.900001525878906,Tue Aug 11 16:45:36 2015
1,19.399999618530273,59.900001525878906,Tue Aug 11 16:45:41 2015
1,19.5,60.0,Tue Aug 11 16:45:47 2015
1,19.399999618530273,60.0,Tue Aug 11 16:45:55 2015
1,19.399999618530273,60.0,Tue Aug 11 16:46:01 2015
1,19.399999618530273,60.0,Tue Aug 11 16:46:06 2015
1,19.399999618530273,60.0,Tue Aug 11 16:46:15 2015
1,19.399999618530273,60.0,Tue Aug 11 16:46:23 2015
1,19.399999618530273,60.0,Tue Aug 11 16:46:28 2015
1,19.399999618530273,60.0,Tue Aug 11 16:46:39 2015
1,19.399999618530273,60.0,Tue Aug 11 16:46:52 2015
1,19.399999618530273,60.0,Tue Aug 11 16:46:58 2015
1,19.399999618530273,60.0,Tue Aug 11 16:47:04 2015
1,19.399999618530273,60.0,Tue Aug 11 16:47:09 2015
1,19.5,60.099998474121094,Tue Aug 11 16:47:15 2015
1,19.399999618530273,60.099998474121094,Tue Aug 11 16:47:23 2015
1,19.399999618530273,60.0,Tue Aug 11 16:47:34 2015
1,19.399999618530273,60.0,Tue Aug 11 16:47:39 2015
1,19.399999618530273,60.0,Tue Aug 11 16:47:47 2015
1,19.399999618530273,60.0,Tue Aug 11 16:47:53 2015
1,19.399999618530273,60.0,Tue Aug 11 16:48:06 2015
1,19.399999618530273,60.0,Tue Aug 11 16:48:12 2015
1,19.399999618530273,60.0,Tue Aug 11 16:48:18 2015
1,19.399999618530273,60.0,Tue Aug 11 16:48:23 2015
1,19.399999618530273,60.0,Tue Aug 11 16:48:29 2015
1,19.399999618530273,60.0,Tue Aug 11 16:48:34 2015
1,19.399999618530273,60.0,Tue Aug 11 16:48:40 2015
1,19.399999618530273,60.0,Tue Aug 11 16:48:46 2015
1,19.399999618530273,60.0,Tue Aug 11 16:48:51 2015
1,19.399999618530273,60.0,Tue Aug 11 16:48:57 2015
1,19.399999618530273,59.900001525878906,Tue Aug 11 16:49:05 2015
1,19.399999618530273,59.900001525878906,Tue Aug 11 16:49:11 2015
1,19.399999618530273,59.900001525878906,Tue Aug 11 16:49:24 2015
1,19.399999618530273,59.900001525878906,Tue Aug 11 16:49:30 2015
1,19.399999618530273,59.900001525878906,Tue Aug 11 16:49:35 2015
1,19.399999618530273,60.0,Tue Aug 11 16:49:46 2015
1,19.399999618530273,60.0,Tue Aug 11 16:49:52 2015
1,19.399999618530273,60.099998474121094,Tue Aug 11 16:50:07 2015
1,19.399999618530273,60.099998474121094,Tue Aug 11 16:50:13 2015
1,19.399999618530273,60.099998474121094,Tue Aug 11 16:50:18 2015
1,19.399999618530273,60.099998474121094,Tue Aug 11 16:50:32 2015
1,19.399999618530273,60.099998474121094,Tue Aug 11 16:50:40 2015
1,19.399999618530273,60.099998474121094,Tue Aug 11 16:50:48 2015
1,19.399999618530273,60.099998474121094,Tue Aug 11 16:50:53 2015
1,19.399999618530273,60.099998474121094,Tue Aug 11 16:50:59 2015
1,19.399999618530273,60.0,Tue Aug 11 16:51:07 2015
1,19.399999618530273,60.0,Tue Aug 11 16:51:13 2015
1,19.399999618530273,60.0,Tue Aug 11 16:51:18 2015
1,19.399999618530273,60.0,Tue Aug 11 16:51:24 2015
1,19.399999618530273,59.900001525878906,Tue Aug 11 16:51:32 2015
1,19.399999618530273,59.900001525878906,Tue Aug 11 16:51:37 2015
1,19.399999618530273,59.900001525878906,Tue Aug 11 16:51:43 2015
1,19.399999618530273,59.900001525878906,Tue Aug 11 16:51:53 2015
1,19.399999618530273,60.0,Tue Aug 11 16:51:59 2015
1,19.399999618530273,59.900001525878906,Tue Aug 11 16:52:05 2015
1,19.399999618530273,59.900001525878906,Tue Aug 11 16:52:15 2015
1,19.399999618530273,59.79999923706055,Tue Aug 11 16:52:21 2015
1,19.399999618530273,59.79999923706055,Tue Aug 11 16:52:27 2015
1,19.399999618530273,59.79999923706055,Tue Aug 11 16:52:32 2015
1,19.399999618530273,59.79999923706055,Tue Aug 11 16:52:38 2015
1,19.399999618530273,59.79999923706055,Tue Aug 11 16:52:43 2015
1,19.399999618530273,59.79999923706055,Tue Aug 11 16:52:49 2015
1,19.399999618530273,59.79999923706055,Tue Aug 11 16:52:57 2015
1,19.399999618530273,59.79999923706055,Tue Aug 11 16:53:03 2015
1,19.399999618530273,59.79999923706055,Tue Aug 11 16:53:09 2015
1,19.399999618530273,59.79999923706055,Tue Aug 11 16:53:14 2015
1,19.399999618530273,59.70000076293945,Tue Aug 11 16:53:20 2015
1,19.399999618530273,59.70000076293945,Tue Aug 11 16:53:28 2015
1,19.399999618530273,59.70000076293945,Tue Aug 11 16:53:34 2015
1,19.399999618530273,59.70000076293945,Tue Aug 11 16:53:39 2015
1,19.399999618530273,59.70000076293945,Tue Aug 11 16:53:45 2015
1,19.399999618530273,59.599998474121094,Tue Aug 11 16:53:53 2015
1,19.399999618530273,59.599998474121094,Tue Aug 11 16:53:59 2015
1,19.399999618530273,59.599998474121094,Tue Aug 11 16:54:04 2015
1,19.399999618530273,59.599998474121094,Tue Aug 11 16:54:10 2015
1,19.399999618530273,59.599998474121094,Tue Aug 11 16:54:16 2015
1,19.399999618530273,59.599998474121094,Tue Aug 11 16:54:21 2015
1,19.399999618530273,59.599998474121094,Tue Aug 11 16:54:29 2015
1,19.399999618530273,59.599998474121094,Tue Aug 11 16:54:38 2015
1,19.399999618530273,59.599998474121094,Tue Aug 11 16:54:43 2015
1,19.5,59.70000076293945,Tue Aug 11 16:54:49 2015
1,19.399999618530273,59.599998474121094,Tue Aug 11 16:54:55 2015
1,19.399999618530273,59.5,Tue Aug 11 16:55:03 2015
1,19.399999618530273,59.5,Tue Aug 11 16:55:08 2015
1,19.399999618530273,59.5,Tue Aug 11 16:55:14 2015
1,19.399999618530273,59.5,Tue Aug 11 16:55:20 2015
1,19.399999618530273,59.5,Tue Aug 11 16:55:35 2015
1,19.399999618530273,59.5,Tue Aug 11 16:55:41 2015
1,19.399999618530273,59.5,Tue Aug 11 16:55:49 2015
1,19.399999618530273,59.5,Tue Aug 11 16:55:55 2015
1,19.399999618530273,59.5,Tue Aug 11 16:56:00 2015
1,19.399999618530273,59.5,Tue Aug 11 16:56:06 2015
1,19.399999618530273,59.5,Tue Aug 11 16:56:12 2015
1,19.399999618530273,59.5,Tue Aug 11 16:56:17 2015
1,19.399999618530273,59.400001525878906,Tue Aug 11 16:56:28 2015
1,19.399999618530273,59.400001525878906,Tue Aug 11 16:56:34 2015
1,19.399999618530273,59.400001525878906,Tue Aug 11 16:56:39 2015
1,19.399999618530273,59.400001525878906,Tue Aug 11 16:56:45 2015
1,19.399999618530273,59.400001525878906,Tue Aug 11 16:56:51 2015
1,19.399999618530273,59.400001525878906,Tue Aug 11 16:56:56 2015
1,19.399999618530273,59.5,Tue Aug 11 16:57:02 2015
1,19.399999618530273,59.400001525878906,Tue Aug 11 16:57:10 2015
1,19.399999618530273,59.400001525878906,Tue Aug 11 16:57:16 2015
1,19.399999618530273,59.400001525878906,Tue Aug 11 16:57:21 2015
1,19.399999618530273,59.400001525878906,Tue Aug 11 16:57:27 2015
1,19.399999618530273,59.400001525878906,Tue Aug 11 16:57:35 2015
1,19.399999618530273,59.400001525878906,Tue Aug 11 16:57:46 2015
1,19.399999618530273,59.400001525878906,Tue Aug 11 16:58:02 2015
1,19.399999618530273,59.5,Tue Aug 11 16:58:20 2015
1,19.399999618530273,59.5,Tue Aug 11 16:58:28 2015
1,19.399999618530273,59.599998474121094,Tue Aug 11 16:58:34 2015
1,19.399999618530273,59.599998474121094,Tue Aug 11 16:58:39 2015
1,19.399999618530273,59.599998474121094,Tue Aug 11 16:58:45 2015
1,19.399999618530273,59.599998474121094,Tue Aug 11 16:58:51 2015
1,19.399999618530273,59.599998474121094,Tue Aug 11 16:59:04 2015
1,19.399999618530273,59.599998474121094,Tue Aug 11 16:59:09 2015
1,19.399999618530273,59.599998474121094,Tue Aug 11 16:59:15 2015
1,19.399999618530273,59.599998474121094,Tue Aug 11 16:59:21 2015
1,19.399999618530273,59.599998474121094,Tue Aug 11 16:59:29 2015
1,19.399999618530273,59.599998474121094,Tue Aug 11 16:59:35 2015
1,19.399999618530273,59.599998474121094,Tue Aug 11 16:59:40 2015
1,19.399999618530273,59.599998474121094,Tue Aug 11 16:59:46 2015
1,19.0,59.400001525878906,Tue Aug 11 22:37:32 2015
1,19.0,59.400001525878906,Tue Aug 11 22:37:38 2015
1,19.0,59.5,Tue Aug 11 22:37:43 2015
1,19.0,59.5,Tue Aug 11 22:37:54 2015
1,19.0,59.599998474121094,Tue Aug 11 22:38:12 2015
1,19.0,59.599998474121094,Tue Aug 11 22:38:18 2015
1,19.0,59.70000076293945,Tue Aug 11 22:38:26 2015
1,19.0,59.70000076293945,Tue Aug 11 22:38:32 2015
1,19.0,59.70000076293945,Tue Aug 11 22:38:40 2015
1,19.0,59.70000076293945,Tue Aug 11 22:38:45 2015
1,19.0,59.599998474121094,Tue Aug 11 22:39:01 2015
1,19.0,59.599998474121094,Tue Aug 11 22:39:06 2015
1,19.0,59.599998474121094,Tue Aug 11 22:39:12 2015
1,18.899999618530273,59.599998474121094,Tue Aug 11 22:39:18 2015
1,18.899999618530273,59.599998474121094,Tue Aug 11 22:39:23 2015
1,18.899999618530273,59.599998474121094,Tue Aug 11 22:39:34 2015
1,18.899999618530273,59.599998474121094,Tue Aug 11 22:39:42 2015
1,18.899999618530273,59.70000076293945,Tue Aug 11 22:39:55 2015
1,18.899999618530273,59.70000076293945,Tue Aug 11 22:40:01 2015
1,18.899999618530273,59.79999923706055,Tue Aug 11 22:40:06 2015
1,18.899999618530273,59.79999923706055,Tue Aug 11 22:40:12 2015
1,18.899999618530273,59.79999923706055,Tue Aug 11 22:40:17 2015
1,18.899999618530273,59.79999923706055,Tue Aug 11 22:40:23 2015
1,18.899999618530273,59.79999923706055,Tue Aug 11 22:40:28 2015
1,18.899999618530273,59.900001525878906,Tue Aug 11 22:40:34 2015
1,18.899999618530273,59.900001525878906,Tue Aug 11 22:40:39 2015
1,18.799999237060547,59.79999923706055,Tue Aug 11 22:40:48 2015
1,18.899999618530273,60.0,Tue Aug 11 22:40:53 2015
1,18.799999237060547,59.900001525878906,Tue Aug 11 22:41:06 2015
1,18.799999237060547,59.900001525878906,Tue Aug 11 22:41:12 2015
1,18.799999237060547,59.900001525878906,Tue Aug 11 22:41:20 2015
1,18.799999237060547,59.900001525878906,Tue Aug 11 22:41:25 2015
1,18.799999237060547,60.0,Tue Aug 11 22:41:34 2015
1,18.799999237060547,60.0,Tue Aug 11 22:41:39 2015
1,18.799999237060547,60.0,Tue Aug 11 22:41:45 2015
1,18.799999237060547,60.0,Tue Aug 11 22:41:50 2015
1,18.799999237060547,60.0,Tue Aug 11 22:41:58 2015
1,18.799999237060547,60.0,Tue Aug 11 22:42:04 2015
1,18.799999237060547,60.099998474121094,Tue Aug 11 22:42:09 2015
1,18.799999237060547,60.099998474121094,Tue Aug 11 22:42:18 2015
1,18.799999237060547,60.099998474121094,Tue Aug 11 22:42:23 2015
1,18.799999237060547,60.099998474121094,Tue Aug 11 22:42:29 2015
1,18.799999237060547,60.099998474121094,Tue Aug 11 22:42:37 2015
1,18.799999237060547,60.099998474121094,Tue Aug 11 22:42:42 2015
1,18.799999237060547,60.099998474121094,Tue Aug 11 22:42:48 2015
1,18.799999237060547,60.099998474121094,Tue Aug 11 22:42:56 2015
1,18.799999237060547,60.099998474121094,Tue Aug 11 22:43:04 2015
1,18.700000762939453,60.099998474121094,Tue Aug 11 22:43:10 2015
1,18.799999237060547,60.20000076293945,Tue Aug 11 22:43:18 2015
1,18.799999237060547,60.20000076293945,Tue Aug 11 22:43:23 2015
1,18.700000762939453,60.20000076293945,Tue Aug 11 22:43:29 2015
1,18.799999237060547,60.20000076293945,Tue Aug 11 22:43:34 2015
1,18.799999237060547,60.20000076293945,Tue Aug 11 22:43:40 2015
1,18.700000762939453,60.29999923706055,Tue Aug 11 22:43:48 2015
1,18.700000762939453,60.20000076293945,Tue Aug 11 22:43:54 2015
1,18.700000762939453,60.29999923706055,Tue Aug 11 22:43:59 2015
1,18.700000762939453,60.29999923706055,Tue Aug 11 22:44:05 2015
1,18.700000762939453,60.29999923706055,Tue Aug 11 22:44:15 2015
1,18.700000762939453,60.29999923706055,Tue Aug 11 22:44:21 2015
1,18.700000762939453,60.29999923706055,Tue Aug 11 22:44:29 2015
1,18.700000762939453,60.29999923706055,Tue Aug 11 22:44:40 2015
1,18.700000762939453,60.29999923706055,Tue Aug 11 22:44:45 2015
1,18.700000762939453,60.29999923706055,Tue Aug 11 22:44:51 2015
1,18.700000762939453,60.400001525878906,Tue Aug 11 22:44:59 2015
1,18.700000762939453,60.400001525878906,Tue Aug 11 22:45:04 2015
1,18.700000762939453,60.29999923706055,Tue Aug 11 22:45:10 2015
1,18.700000762939453,60.29999923706055,Tue Aug 11 22:45:15 2015
1,18.700000762939453,60.400001525878906,Tue Aug 11 22:45:21 2015
1,18.700000762939453,60.400001525878906,Tue Aug 11 22:45:27 2015
1,18.700000762939453,60.400001525878906,Tue Aug 11 22:45:32 2015
1,18.700000762939453,60.400001525878906,Tue Aug 11 22:45:40 2015
1,18.700000762939453,60.400001525878906,Tue Aug 11 22:45:46 2015
1,18.700000762939453,60.400001525878906,Tue Aug 11 22:45:54 2015
1,18.700000762939453,60.400001525878906,Tue Aug 11 22:46:02 2015
1,18.700000762939453,60.400001525878906,Tue Aug 11 22:46:08 2015
1,18.700000762939453,60.400001525878906,Tue Aug 11 22:46:13 2015
1,18.700000762939453,60.400001525878906,Tue Aug 11 22:46:19 2015
1,18.700000762939453,60.400001525878906,Tue Aug 11 22:46:24 2015
1,18.700000762939453,60.400001525878906,Tue Aug 11 22:46:35 2015
1,18.700000762939453,60.400001525878906,Tue Aug 11 22:46:43 2015
1,18.700000762939453,60.400001525878906,Tue Aug 11 22:46:48 2015
1,18.700000762939453,60.400001525878906,Tue Aug 11 22:46:59 2015
1,18.799999237060547,60.5,Tue Aug 11 22:47:07 2015
1,18.700000762939453,60.5,Tue Aug 11 22:47:13 2015
1,18.700000762939453,60.5,Tue Aug 11 22:47:18 2015
1,18.700000762939453,60.5,Tue Aug 11 22:47:24 2015
1,18.700000762939453,60.5,Tue Aug 11 22:47:34 2015
1,18.700000762939453,60.5,Tue Aug 11 22:47:40 2015
1,18.700000762939453,60.5,Tue Aug 11 22:47:46 2015
1,18.700000762939453,60.5,Tue Aug 11 22:47:51 2015
1,18.700000762939453,60.5,Tue Aug 11 22:47:57 2015
1,18.700000762939453,60.599998474121094,Tue Aug 11 22:48:02 2015
1,18.700000762939453,60.5,Tue Aug 11 22:48:08 2015
1,18.700000762939453,60.5,Tue Aug 11 22:48:21 2015
1,18.700000762939453,60.5,Tue Aug 11 22:48:29 2015
1,18.700000762939453,60.5,Tue Aug 11 22:48:35 2015
1,18.700000762939453,60.5,Tue Aug 11 22:48:45 2015
1,18.700000762939453,60.5,Tue Aug 11 22:48:51 2015
1,18.700000762939453,60.5,Tue Aug 11 22:48:56 2015
1,18.700000762939453,60.400001525878906,Tue Aug 11 22:49:02 2015
1,18.700000762939453,60.400001525878906,Tue Aug 11 22:49:07 2015
1,18.700000762939453,60.400001525878906,Tue Aug 11 22:49:13 2015
1,18.700000762939453,60.400001525878906,Tue Aug 11 22:49:19 2015
1,18.700000762939453,60.5,Tue Aug 11 22:49:24 2015
1,18.700000762939453,60.400001525878906,Tue Aug 11 22:49:32 2015
1,18.700000762939453,60.400001525878906,Tue Aug 11 22:49:40 2015
1,18.700000762939453,60.400001525878906,Tue Aug 11 22:49:46 2015
1,18.600000381469727,60.400001525878906,Tue Aug 11 22:49:51 2015
1,18.700000762939453,60.400001525878906,Tue Aug 11 22:49:57 2015
1,18.700000762939453,60.400001525878906,Tue Aug 11 22:50:03 2015
1,18.700000762939453,60.400001525878906,Tue Aug 11 22:50:08 2015
1,18.700000762939453,60.400001525878906,Tue Aug 11 22:50:14 2015
1,18.700000762939453,60.400001525878906,Tue Aug 11 22:50:19 2015
1,18.700000762939453,60.5,Tue Aug 11 22:50:25 2015
1,18.700000762939453,60.5,Tue Aug 11 22:50:33 2015
1,18.700000762939453,60.5,Tue Aug 11 22:50:41 2015
1,18.700000762939453,60.5,Tue Aug 11 22:50:47 2015
1,18.700000762939453,60.5,Tue Aug 11 22:50:52 2015
1,18.700000762939453,60.5,Tue Aug 11 22:50:58 2015
1,18.700000762939453,60.5,Tue Aug 11 22:51:03 2015
1,18.700000762939453,60.5,Tue Aug 11 22:51:11 2015
1,18.700000762939453,60.5,Tue Aug 11 22:51:24 2015
1,18.700000762939453,60.5,Tue Aug 11 22:51:33 2015
1,18.700000762939453,60.5,Tue Aug 11 22:51:41 2015
1,18.700000762939453,60.5,Tue Aug 11 22:51:46 2015
1,18.700000762939453,60.5,Tue Aug 11 22:51:54 2015
1,18.700000762939453,60.5,Tue Aug 11 22:52:02 2015
1,18.700000762939453,60.5,Tue Aug 11 22:52:08 2015
1,18.700000762939453,60.5,Tue Aug 11 22:52:19 2015
1,18.700000762939453,60.599998474121094,Tue Aug 11 22:52:27 2015
1,18.700000762939453,60.5,Tue Aug 11 22:52:32 2015
1,18.700000762939453,60.5,Tue Aug 11 22:52:38 2015
1,18.700000762939453,60.5,Tue Aug 11 22:52:43 2015
1,18.700000762939453,60.5,Tue Aug 11 22:52:51 2015
1,18.700000762939453,60.5,Tue Aug 11 22:52:57 2015
1,18.700000762939453,60.5,Tue Aug 11 22:53:08 2015
1,18.700000762939453,60.5,Tue Aug 11 22:53:18 2015
1,17.100000381469727,60.5,Tue Aug 11 22:53:24 2015
1,18.700000762939453,60.5,Tue Aug 11 22:53:29 2015
1,18.700000762939453,60.5,Tue Aug 11 22:53:35 2015
1,18.700000762939453,60.5,Tue Aug 11 22:53:43 2015
1,18.700000762939453,60.5,Tue Aug 11 22:53:49 2015
1,18.700000762939453,60.5,Tue Aug 11 22:53:54 2015
1,18.700000762939453,60.5,Tue Aug 11 22:54:00 2015
1,18.700000762939453,60.5,Tue Aug 11 22:54:05 2015
1,18.700000762939453,60.5,Tue Aug 11 22:54:13 2015
1,18.700000762939453,60.599998474121094,Tue Aug 11 22:54:19 2015
1,18.700000762939453,60.5,Tue Aug 11 22:54:24 2015
1,18.700000762939453,60.599998474121094,Tue Aug 11 22:54:32 2015
1,18.700000762939453,60.599998474121094,Tue Aug 11 22:54:38 2015
1,18.700000762939453,60.5,Tue Aug 11 22:54:44 2015
1,18.700000762939453,60.5,Tue Aug 11 22:54:49 2015
1,18.700000762939453,60.5,Tue Aug 11 22:54:55 2015
1,18.700000762939453,60.5,Tue Aug 11 22:55:05 2015
1,18.700000762939453,60.5,Tue Aug 11 22:55:11 2015
1,18.700000762939453,60.5,Tue Aug 11 22:55:19 2015
1,18.700000762939453,60.5,Tue Aug 11 22:55:25 2015
1,18.700000762939453,60.5,Tue Aug 11 22:55:30 2015
1,18.700000762939453,60.5,Tue Aug 11 22:55:36 2015
1,18.700000762939453,60.5,Tue Aug 11 22:55:41 2015
1,18.700000762939453,60.5,Tue Aug 11 22:55:47 2015
1,18.700000762939453,60.5,Tue Aug 11 22:55:52 2015
1,18.700000762939453,60.5,Tue Aug 11 22:55:58 2015
1,18.700000762939453,60.5,Tue Aug 11 22:56:03 2015
1,18.700000762939453,60.5,Tue Aug 11 22:56:09 2015
1,18.700000762939453,60.400001525878906,Tue Aug 11 22:56:20 2015
1,18.700000762939453,60.400001525878906,Tue Aug 11 22:56:25 2015
1,18.700000762939453,60.400001525878906,Tue Aug 11 22:56:31 2015
1,18.700000762939453,60.400001525878906,Tue Aug 11 22:56:36 2015
1,18.600000381469727,60.20000076293945,Tue Aug 11 22:56:49 2015
1,18.700000762939453,60.29999923706055,Tue Aug 11 22:57:03 2015
1,18.700000762939453,60.29999923706055,Tue Aug 11 22:57:08 2015
1,18.700000762939453,60.29999923706055,Tue Aug 11 22:57:14 2015
1,18.700000762939453,60.29999923706055,Tue Aug 11 22:57:19 2015
1,18.700000762939453,60.29999923706055,Tue Aug 11 22:57:25 2015
1,18.700000762939453,60.400001525878906,Tue Aug 11 22:57:38 2015
1,18.700000762939453,60.400001525878906,Tue Aug 11 22:57:54 2015
1,18.700000762939453,60.400001525878906,Tue Aug 11 22:58:02 2015
1,18.700000762939453,60.400001525878906,Tue Aug 11 22:58:12 2015
1,18.700000762939453,60.400001525878906,Tue Aug 11 22:58:18 2015
1,18.700000762939453,60.400001525878906,Tue Aug 11 22:58:23 2015
1,18.700000762939453,60.400001525878906,Tue Aug 11 22:58:29 2015
1,18.700000762939453,60.29999923706055,Tue Aug 11 22:58:37 2015
1,18.700000762939453,60.29999923706055,Tue Aug 11 22:58:50 2015
1,18.600000381469727,60.20000076293945,Tue Aug 11 22:58:56 2015
1,18.700000762939453,60.29999923706055,Tue Aug 11 22:59:01 2015
1,18.700000762939453,60.29999923706055,Tue Aug 11 22:59:07 2015
1,18.700000762939453,60.29999923706055,Tue Aug 11 22:59:25 2015
1,18.700000762939453,60.400001525878906,Tue Aug 11 22:59:31 2015
1,18.700000762939453,60.29999923706055,Tue Aug 11 22:59:36 2015
1,18.700000762939453,60.29999923706055,Tue Aug 11 22:59:42 2015
1,18.700000762939453,60.29999923706055,Tue Aug 11 22:59:47 2015
1,18.700000762939453,60.29999923706055,Tue Aug 11 22:59:53 2015
1,18.700000762939453,60.29999923706055,Tue Aug 11 23:00:04 2015
1,18.700000762939453,60.29999923706055,Tue Aug 11 23:00:09 2015
1,18.700000762939453,60.29999923706055,Tue Aug 11 23:00:15 2015
1,18.700000762939453,60.20000076293945,Tue Aug 11 23:00:20 2015
1,18.700000762939453,60.29999923706055,Tue Aug 11 23:00:26 2015
1,18.700000762939453,60.20000076293945,Tue Aug 11 23:00:31 2015
1,18.700000762939453,60.20000076293945,Tue Aug 11 23:00:37 2015
1,18.700000762939453,60.20000076293945,Tue Aug 11 23:00:43 2015
1,18.700000762939453,60.29999923706055,Tue Aug 11 23:00:51 2015
1,18.700000762939453,60.29999923706055,Tue Aug 11 23:00:56 2015
1,18.700000762939453,60.400001525878906,Tue Aug 11 23:01:04 2015
1,18.700000762939453,60.400001525878906,Tue Aug 11 23:01:10 2015
1,18.700000762939453,60.400001525878906,Tue Aug 11 23:01:15 2015
1,18.700000762939453,60.400001525878906,Tue Aug 11 23:01:21 2015
1,18.700000762939453,60.5,Tue Aug 11 23:01:32 2015
1,18.600000381469727,60.29999923706055,Tue Aug 11 23:01:37 2015
1,18.700000762939453,60.400001525878906,Tue Aug 11 23:01:43 2015
1,18.700000762939453,60.400001525878906,Tue Aug 11 23:01:48 2015
1,18.700000762939453,60.400001525878906,Tue Aug 11 23:01:56 2015
1,18.700000762939453,60.400001525878906,Tue Aug 11 23:02:02 2015
1,18.700000762939453,60.400001525878906,Tue Aug 11 23:02:07 2015
1,18.700000762939453,60.400001525878906,Tue Aug 11 23:02:13 2015
1,18.700000762939453,60.400001525878906,Tue Aug 11 23:02:21 2015
1,18.700000762939453,60.400001525878906,Tue Aug 11 23:02:27 2015
1,18.700000762939453,60.400001525878906,Tue Aug 11 23:02:32 2015
1,18.700000762939453,60.400001525878906,Tue Aug 11 23:02:40 2015
1,18.700000762939453,60.400001525878906,Tue Aug 11 23:02:46 2015
1,18.700000762939453,60.400001525878906,Tue Aug 11 23:02:54 2015
1,18.700000762939453,60.400001525878906,Tue Aug 11 23:02:59 2015
1,18.700000762939453,60.400001525878906,Tue Aug 11 23:03:08 2015
1,18.600000381469727,60.29999923706055,Tue Aug 11 23:03:13 2015
1,18.700000762939453,60.400001525878906,Tue Aug 11 23:03:19 2015
1,18.700000762939453,60.400001525878906,Tue Aug 11 23:03:27 2015
1,18.700000762939453,60.29999923706055,Tue Aug 11 23:03:35 2015
1,18.700000762939453,60.29999923706055,Tue Aug 11 23:03:45 2015
1,18.700000762939453,60.20000076293945,Tue Aug 11 23:03:59 2015
1,18.700000762939453,60.20000076293945,Tue Aug 11 23:04:04 2015
1,18.700000762939453,60.20000076293945,Tue Aug 11 23:04:10 2015
1,18.700000762939453,60.20000076293945,Tue Aug 11 23:04:18 2015
1,18.700000762939453,60.20000076293945,Tue Aug 11 23:04:26 2015
1,18.700000762939453,60.29999923706055,Tue Aug 11 23:04:34 2015
1,18.700000762939453,60.29999923706055,Tue Aug 11 23:04:42 2015
1,18.600000381469727,60.20000076293945,Tue Aug 11 23:04:48 2015
1,18.600000381469727,60.29999923706055,Tue Aug 11 23:05:01 2015
1,18.600000381469727,60.29999923706055,Tue Aug 11 23:05:11 2015
1,18.700000762939453,60.400001525878906,Tue Aug 11 23:05:19 2015
1,18.700000762939453,60.400001525878906,Tue Aug 11 23:05:25 2015
1,18.700000762939453,60.400001525878906,Tue Aug 11 23:05:33 2015
1,18.600000381469727,60.400001525878906,Tue Aug 11 23:05:41 2015
1,18.700000762939453,60.400001525878906,Tue Aug 11 23:05:47 2015
1,18.700000762939453,60.5,Tue Aug 11 23:05:52 2015
1,18.700000762939453,60.5,Tue Aug 11 23:05:58 2015
1,18.600000381469727,60.400001525878906,Tue Aug 11 23:06:06 2015
1,18.700000762939453,60.5,Tue Aug 11 23:06:14 2015
1,18.600000381469727,60.400001525878906,Tue Aug 11 23:06:20 2015
1,18.600000381469727,60.400001525878906,Tue Aug 11 23:06:25 2015
1,18.700000762939453,60.5,Tue Aug 11 23:06:31 2015
1,18.700000762939453,60.599998474121094,Tue Aug 11 23:06:46 2015
1,18.600000381469727,60.400001525878906,Tue Aug 11 23:06:52 2015
1,18.600000381469727,60.400001525878906,Tue Aug 11 23:06:58 2015
1,18.700000762939453,60.599998474121094,Tue Aug 11 23:07:16 2015
1,18.700000762939453,60.599998474121094,Tue Aug 11 23:07:21 2015
1,18.700000762939453,60.599998474121094,Tue Aug 11 23:07:29 2015
1,18.700000762939453,60.599998474121094,Tue Aug 11 23:07:40 2015
1,18.700000762939453,60.599998474121094,Tue Aug 11 23:07:48 2015
1,18.700000762939453,60.599998474121094,Tue Aug 11 23:07:54 2015
1,18.600000381469727,60.5,Tue Aug 11 23:08:04 2015
1,18.600000381469727,60.599998474121094,Tue Aug 11 23:08:10 2015
1,18.600000381469727,60.5,Tue Aug 11 23:08:15 2015
1,18.700000762939453,60.70000076293945,Tue Aug 11 23:08:26 2015
1,18.600000381469727,60.5,Tue Aug 11 23:08:32 2015
1,18.700000762939453,60.70000076293945,Tue Aug 11 23:08:37 2015
1,18.700000762939453,60.70000076293945,Tue Aug 11 23:08:43 2015
1,18.600000381469727,60.5,Tue Aug 11 23:08:48 2015
1,18.700000762939453,60.70000076293945,Tue Aug 11 23:08:54 2015
1,18.700000762939453,60.70000076293945,Tue Aug 11 23:08:59 2015
1,18.700000762939453,60.70000076293945,Tue Aug 11 23:09:05 2015
1,18.600000381469727,60.599998474121094,Tue Aug 11 23:09:11 2015
1,18.700000762939453,60.70000076293945,Tue Aug 11 23:09:16 2015
1,18.700000762939453,60.70000076293945,Tue Aug 11 23:09:22 2015
1,18.600000381469727,60.599998474121094,Tue Aug 11 23:09:30 2015
1,18.700000762939453,60.70000076293945,Tue Aug 11 23:09:35 2015
1,18.700000762939453,60.70000076293945,Tue Aug 11 23:09:41 2015
1,18.700000762939453,60.70000076293945,Tue Aug 11 23:09:51 2015
1,18.700000762939453,60.70000076293945,Tue Aug 11 23:10:00 2015
1,18.700000762939453,60.70000076293945,Tue Aug 11 23:10:05 2015
1,18.700000762939453,60.70000076293945,Tue Aug 11 23:10:11 2015
1,18.700000762939453,60.70000076293945,Tue Aug 11 23:10:16 2015
1,18.700000762939453,60.70000076293945,Tue Aug 11 23:10:24 2015
1,18.700000762939453,60.70000076293945,Tue Aug 11 23:10:30 2015
1,18.700000762939453,60.70000076293945,Tue Aug 11 23:10:40 2015
1,18.700000762939453,60.70000076293945,Tue Aug 11 23:11:01 2015
1,18.700000762939453,60.599998474121094,Tue Aug 11 23:11:07 2015
1,18.600000381469727,60.5,Tue Aug 11 23:11:20 2015
1,18.600000381469727,60.5,Tue Aug 11 23:11:25 2015
1,18.700000762939453,60.599998474121094,Tue Aug 11 23:11:31 2015
1,18.700000762939453,60.599998474121094,Tue Aug 11 23:11:37 2015
1,18.600000381469727,60.5,Tue Aug 11 23:11:50 2015
1,18.700000762939453,60.599998474121094,Tue Aug 11 23:11:58 2015
1,18.700000762939453,60.70000076293945,Tue Aug 11 23:12:06 2015
1,18.700000762939453,60.70000076293945,Tue Aug 11 23:12:11 2015
1,18.700000762939453,60.70000076293945,Tue Aug 11 23:12:17 2015
1,18.700000762939453,60.70000076293945,Tue Aug 11 23:12:23 2015
1,18.700000762939453,60.70000076293945,Tue Aug 11 23:12:28 2015
1,18.700000762939453,60.70000076293945,Tue Aug 11 23:12:34 2015
1,18.700000762939453,60.70000076293945,Tue Aug 11 23:12:39 2015
1,18.700000762939453,60.70000076293945,Tue Aug 11 23:12:45 2015
1,18.700000762939453,60.70000076293945,Tue Aug 11 23:12:53 2015
1,18.700000762939453,60.70000076293945,Tue Aug 11 23:12:58 2015
1,18.700000762939453,60.70000076293945,Tue Aug 11 23:13:04 2015
1,18.700000762939453,60.70000076293945,Tue Aug 11 23:13:10 2015
1,18.600000381469727,60.5,Tue Aug 11 23:13:28 2015
1,18.700000762939453,60.70000076293945,Tue Aug 11 23:13:33 2015
1,18.700000762939453,60.70000076293945,Tue Aug 11 23:13:39 2015
1,18.700000762939453,60.70000076293945,Tue Aug 11 23:13:44 2015
1,18.700000762939453,60.70000076293945,Tue Aug 11 23:13:50 2015
1,18.700000762939453,60.70000076293945,Tue Aug 11 23:13:58 2015
1,18.600000381469727,60.599998474121094,Tue Aug 11 23:14:04 2015
1,18.700000762939453,60.70000076293945,Tue Aug 11 23:14:14 2015
1,18.700000762939453,60.70000076293945,Tue Aug 11 23:14:25 2015
1,18.700000762939453,60.70000076293945,Tue Aug 11 23:14:33 2015
1,18.600000381469727,60.599998474121094,Tue Aug 11 23:14:39 2015
1,18.700000762939453,60.70000076293945,Tue Aug 11 23:14:47 2015
1,18.700000762939453,60.70000076293945,Tue Aug 11 23:14:52 2015
1,18.700000762939453,60.29999923706055,Tue Aug 11 23:14:58 2015
1,18.700000762939453,60.70000076293945,Tue Aug 11 23:15:03 2015
1,18.700000762939453,60.70000076293945,Tue Aug 11 23:15:19 2015
1,18.600000381469727,60.5,Tue Aug 11 23:15:25 2015
1,18.700000762939453,60.70000076293945,Tue Aug 11 23:15:30 2015
1,18.700000762939453,60.70000076293945,Tue Aug 11 23:15:36 2015
1,18.700000762939453,60.70000076293945,Tue Aug 11 23:15:41 2015
1,18.700000762939453,60.70000076293945,Tue Aug 11 23:15:47 2015
1,18.700000762939453,60.70000076293945,Tue Aug 11 23:15:57 2015
1,18.600000381469727,60.599998474121094,Tue Aug 11 23:16:08 2015
1,18.700000762939453,60.70000076293945,Tue Aug 11 23:16:14 2015
1,18.700000762939453,60.70000076293945,Tue Aug 11 23:16:19 2015
1,18.700000762939453,60.70000076293945,Tue Aug 11 23:16:25 2015
1,18.700000762939453,60.70000076293945,Tue Aug 11 23:16:43 2015
1,18.700000762939453,60.70000076293945,Tue Aug 11 23:16:48 2015
1,18.700000762939453,60.70000076293945,Tue Aug 11 23:16:54 2015
1,18.700000762939453,60.70000076293945,Tue Aug 11 23:17:00 2015
1,18.700000762939453,60.70000076293945,Tue Aug 11 23:17:10 2015
1,18.700000762939453,60.70000076293945,Tue Aug 11 23:17:23 2015
1,18.700000762939453,60.70000076293945,Tue Aug 11 23:17:29 2015
1,18.700000762939453,60.70000076293945,Tue Aug 11 23:17:34 2015
1,18.700000762939453,60.79999923706055,Tue Aug 11 23:17:40 2015
1,18.700000762939453,60.79999923706055,Tue Aug 11 23:17:51 2015
1,18.700000762939453,60.79999923706055,Tue Aug 11 23:18:01 2015
1,18.700000762939453,60.70000076293945,Tue Aug 11 23:18:09 2015
1,18.700000762939453,60.70000076293945,Tue Aug 11 23:18:15 2015
1,18.700000762939453,60.70000076293945,Tue Aug 11 23:18:20 2015
1,18.700000762939453,60.70000076293945,Tue Aug 11 23:18:26 2015
1,18.700000762939453,60.70000076293945,Tue Aug 11 23:18:34 2015
1,18.700000762939453,60.70000076293945,Tue Aug 11 23:18:40 2015
1,18.700000762939453,60.70000076293945,Tue Aug 11 23:18:45 2015
1,18.700000762939453,60.70000076293945,Tue Aug 11 23:18:51 2015
1,18.700000762939453,60.70000076293945,Tue Aug 11 23:18:56 2015
1,18.700000762939453,60.70000076293945,Tue Aug 11 23:19:02 2015
1,18.700000762939453,60.70000076293945,Tue Aug 11 23:19:15 2015
1,18.600000381469727,60.5,Tue Aug 11 23:19:21 2015
1,18.700000762939453,60.70000076293945,Tue Aug 11 23:19:26 2015
1,18.700000762939453,60.70000076293945,Tue Aug 11 23:19:34 2015
1,18.700000762939453,60.70000076293945,Tue Aug 11 23:19:40 2015
1,18.700000762939453,60.70000076293945,Tue Aug 11 23:19:45 2015
1,18.700000762939453,60.70000076293945,Tue Aug 11 23:19:53 2015
1,18.700000762939453,60.70000076293945,Tue Aug 11 23:20:02 2015
1,18.700000762939453,60.79999923706055,Tue Aug 11 23:20:07 2015
1,18.700000762939453,60.79999923706055,Tue Aug 11 23:20:15 2015
1,18.700000762939453,60.70000076293945,Tue Aug 11 23:20:21 2015
1,18.700000762939453,60.70000076293945,Tue Aug 11 23:20:26 2015
1,18.700000762939453,60.70000076293945,Tue Aug 11 23:20:32 2015
1,18.700000762939453,60.70000076293945,Tue Aug 11 23:20:37 2015
1,18.700000762939453,60.70000076293945,Tue Aug 11 23:20:43 2015
1,18.700000762939453,60.70000076293945,Tue Aug 11 23:20:49 2015
1,18.700000762939453,60.70000076293945,Tue Aug 11 23:20:54 2015
1,18.700000762939453,60.70000076293945,Tue Aug 11 23:21:00 2015
1,18.700000762939453,60.79999923706055,Tue Aug 11 23:21:05 2015
1,18.700000762939453,60.70000076293945,Tue Aug 11 23:21:11 2015
1,18.700000762939453,60.70000076293945,Tue Aug 11 23:21:16 2015
1,18.700000762939453,60.79999923706055,Tue Aug 11 23:21:24 2015
1,18.700000762939453,60.70000076293945,Tue Aug 11 23:21:30 2015
1,18.700000762939453,60.79999923706055,Tue Aug 11 23:21:36 2015
1,18.700000762939453,60.79999923706055,Tue Aug 11 23:21:41 2015
1,18.700000762939453,60.79999923706055,Tue Aug 11 23:21:47 2015
1,18.700000762939453,60.70000076293945,Tue Aug 11 23:21:55 2015
1,18.700000762939453,60.70000076293945,Tue Aug 11 23:22:00 2015
1,18.700000762939453,60.79999923706055,Tue Aug 11 23:22:11 2015
1,18.700000762939453,60.70000076293945,Tue Aug 11 23:22:17 2015
1,18.700000762939453,60.70000076293945,Tue Aug 11 23:22:25 2015
1,18.700000762939453,60.70000076293945,Tue Aug 11 23:22:30 2015
1,18.700000762939453,60.79999923706055,Tue Aug 11 23:22:36 2015
1,18.700000762939453,60.70000076293945,Tue Aug 11 23:22:41 2015
1,18.700000762939453,60.70000076293945,Tue Aug 11 23:22:47 2015
1,18.700000762939453,60.70000076293945,Tue Aug 11 23:22:55 2015
1,18.700000762939453,60.79999923706055,Tue Aug 11 23:23:01 2015
1,18.700000762939453,60.79999923706055,Tue Aug 11 23:23:09 2015
1,18.600000381469727,60.70000076293945,Tue Aug 11 23:23:22 2015
1,18.700000762939453,60.79999923706055,Tue Aug 11 23:23:27 2015
1,18.700000762939453,60.79999923706055,Tue Aug 11 23:23:35 2015
1,18.700000762939453,60.79999923706055,Tue Aug 11 23:23:41 2015
1,18.700000762939453,60.79999923706055,Tue Aug 11 23:23:46 2015
1,18.700000762939453,60.79999923706055,Tue Aug 11 23:23:52 2015
1,18.700000762939453,60.79999923706055,Tue Aug 11 23:23:58 2015
1,18.700000762939453,60.79999923706055,Tue Aug 11 23:24:03 2015
1,18.700000762939453,60.79999923706055,Tue Aug 11 23:24:11 2015
1,18.700000762939453,60.79999923706055,Tue Aug 11 23:24:17 2015
1,18.700000762939453,60.79999923706055,Tue Aug 11 23:24:22 2015
1,18.700000762939453,60.79999923706055,Tue Aug 11 23:24:28 2015
1,18.700000762939453,60.79999923706055,Tue Aug 11 23:24:34 2015
1,18.700000762939453,60.79999923706055,Tue Aug 11 23:24:42 2015
1,18.700000762939453,60.79999923706055,Tue Aug 11 23:24:50 2015
1,18.700000762939453,60.79999923706055,Tue Aug 11 23:24:58 2015
1,18.700000762939453,60.79999923706055,Tue Aug 11 23:25:06 2015
1,18.700000762939453,60.79999923706055,Tue Aug 11 23:25:11 2015
1,18.700000762939453,60.79999923706055,Tue Aug 11 23:25:17 2015
1,18.700000762939453,60.79999923706055,Tue Aug 11 23:25:23 2015
1,18.700000762939453,60.79999923706055,Tue Aug 11 23:25:28 2015
1,18.700000762939453,60.79999923706055,Tue Aug 11 23:25:34 2015
1,18.700000762939453,60.79999923706055,Tue Aug 11 23:25:39 2015
1,18.700000762939453,60.79999923706055,Tue Aug 11 23:25:45 2015
1,18.700000762939453,60.79999923706055,Tue Aug 11 23:25:50 2015
1,18.700000762939453,60.79999923706055,Tue Aug 11 23:25:56 2015
1,18.700000762939453,60.79999923706055,Tue Aug 11 23:26:01 2015
1,18.700000762939453,60.79999923706055,Tue Aug 11 23:26:07 2015
1,18.700000762939453,60.70000076293945,Tue Aug 11 23:26:15 2015
1,18.700000762939453,60.70000076293945,Tue Aug 11 23:26:21 2015
1,18.700000762939453,60.70000076293945,Tue Aug 11 23:26:26 2015
1,18.700000762939453,60.79999923706055,Tue Aug 11 23:26:32 2015
1,18.700000762939453,60.79999923706055,Tue Aug 11 23:26:37 2015
1,18.700000762939453,60.79999923706055,Tue Aug 11 23:26:43 2015
1,18.700000762939453,60.79999923706055,Tue Aug 11 23:26:51 2015
1,18.700000762939453,60.79999923706055,Tue Aug 11 23:26:57 2015
1,18.700000762939453,60.79999923706055,Tue Aug 11 23:27:02 2015
1,18.700000762939453,60.79999923706055,Tue Aug 11 23:27:10 2015
1,18.600000381469727,60.70000076293945,Tue Aug 11 23:27:16 2015
1,18.700000762939453,60.900001525878906,Tue Aug 11 23:27:21 2015
1,18.700000762939453,60.900001525878906,Tue Aug 11 23:27:27 2015
1,18.700000762939453,60.900001525878906,Tue Aug 11 23:27:35 2015
1,18.700000762939453,60.900001525878906,Tue Aug 11 23:27:40 2015
1,18.700000762939453,60.900001525878906,Tue Aug 11 23:27:46 2015
1,18.700000762939453,60.79999923706055,Tue Aug 11 23:27:54 2015
1,18.600000381469727,60.70000076293945,Tue Aug 11 23:28:10 2015
1,18.700000762939453,60.79999923706055,Tue Aug 11 23:28:15 2015
1,18.700000762939453,60.79999923706055,Tue Aug 11 23:28:21 2015
1,18.700000762939453,60.79999923706055,Tue Aug 11 23:28:29 2015
1,18.700000762939453,60.79999923706055,Tue Aug 11 23:28:35 2015
1,18.700000762939453,60.79999923706055,Tue Aug 11 23:28:40 2015
1,18.700000762939453,60.79999923706055,Tue Aug 11 23:28:46 2015
1,18.700000762939453,60.79999923706055,Tue Aug 11 23:28:56 2015
1,18.700000762939453,60.79999923706055,Tue Aug 11 23:29:04 2015
1,18.700000762939453,60.79999923706055,Tue Aug 11 23:29:10 2015
1,18.700000762939453,60.79999923706055,Tue Aug 11 23:29:16 2015
1,18.700000762939453,60.79999923706055,Tue Aug 11 23:29:21 2015
1,18.700000762939453,60.70000076293945,Tue Aug 11 23:29:27 2015
1,18.700000762939453,60.70000076293945,Tue Aug 11 23:29:32 2015
1,18.700000762939453,60.70000076293945,Tue Aug 11 23:29:38 2015
1,18.700000762939453,60.599998474121094,Tue Aug 11 23:29:51 2015
1,18.700000762939453,60.599998474121094,Tue Aug 11 23:29:56 2015
1,18.700000762939453,60.599998474121094,Tue Aug 11 23:30:02 2015
1,18.700000762939453,60.599998474121094,Tue Aug 11 23:30:08 2015
1,18.700000762939453,60.599998474121094,Tue Aug 11 23:30:13 2015
1,18.700000762939453,60.599998474121094,Tue Aug 11 23:30:19 2015
1,18.700000762939453,60.70000076293945,Tue Aug 11 23:30:24 2015
1,18.700000762939453,60.599998474121094,Tue Aug 11 23:30:30 2015
1,18.700000762939453,60.599998474121094,Tue Aug 11 23:30:35 2015
1,18.700000762939453,60.599998474121094,Tue Aug 11 23:30:49 2015
1,18.700000762939453,60.599998474121094,Tue Aug 11 23:30:54 2015
1,18.700000762939453,60.70000076293945,Tue Aug 11 23:31:00 2015
1,18.700000762939453,60.70000076293945,Tue Aug 11 23:31:10 2015
1,18.700000762939453,60.70000076293945,Tue Aug 11 23:31:16 2015
1,18.700000762939453,60.70000076293945,Tue Aug 11 23:31:21 2015
1,18.700000762939453,60.70000076293945,Tue Aug 11 23:31:32 2015
1,18.700000762939453,60.70000076293945,Tue Aug 11 23:31:38 2015
1,18.700000762939453,60.599998474121094,Tue Aug 11 23:31:43 2015
1,18.700000762939453,60.599998474121094,Tue Aug 11 23:31:54 2015
1,18.700000762939453,60.599998474121094,Tue Aug 11 23:31:59 2015
1,18.700000762939453,60.5,Tue Aug 11 23:32:05 2015
1,18.700000762939453,60.5,Tue Aug 11 23:32:13 2015
1,18.700000762939453,60.5,Tue Aug 11 23:32:19 2015
1,18.700000762939453,60.5,Tue Aug 11 23:32:24 2015
1,18.700000762939453,60.5,Tue Aug 11 23:32:30 2015
1,18.600000381469727,60.400001525878906,Tue Aug 11 23:32:35 2015
1,18.700000762939453,60.5,Tue Aug 11 23:32:41 2015
1,18.700000762939453,60.5,Tue Aug 11 23:32:46 2015
1,18.700000762939453,60.5,Tue Aug 11 23:32:52 2015
1,18.700000762939453,60.599998474121094,Tue Aug 11 23:32:57 2015
1,18.700000762939453,60.599998474121094,Tue Aug 11 23:33:03 2015
1,18.700000762939453,60.599998474121094,Tue Aug 11 23:33:09 2015
1,18.700000762939453,60.5,Tue Aug 11 23:33:17 2015
1,18.700000762939453,60.5,Tue Aug 11 23:33:25 2015
1,18.600000381469727,60.400001525878906,Tue Aug 11 23:33:35 2015
1,18.700000762939453,60.5,Tue Aug 11 23:33:41 2015
1,18.700000762939453,60.5,Tue Aug 11 23:33:46 2015
1,18.700000762939453,60.5,Tue Aug 11 23:33:52 2015
1,18.700000762939453,60.5,Tue Aug 11 23:33:58 2015
1,18.600000381469727,60.400001525878906,Tue Aug 11 23:34:18 2015
1,18.600000381469727,60.5,Tue Aug 11 23:34:37 2015
1,18.700000762939453,60.599998474121094,Tue Aug 11 23:34:42 2015
1,18.700000762939453,60.70000076293945,Tue Aug 11 23:34:48 2015
1,18.700000762939453,60.599998474121094,Tue Aug 11 23:34:56 2015
1,18.700000762939453,60.599998474121094,Tue Aug 11 23:35:01 2015
1,18.700000762939453,60.70000076293945,Tue Aug 11 23:35:07 2015
1,18.700000762939453,60.599998474121094,Tue Aug 11 23:35:23 2015
1,18.700000762939453,60.599998474121094,Tue Aug 11 23:35:31 2015
1,18.700000762939453,60.599998474121094,Tue Aug 11 23:35:44 2015
1,18.700000762939453,60.599998474121094,Tue Aug 11 23:35:49 2015
1,18.700000762939453,60.599998474121094,Tue Aug 11 23:35:55 2015
1,18.700000762939453,60.599998474121094,Tue Aug 11 23:36:03 2015
1,18.700000762939453,60.599998474121094,Tue Aug 11 23:36:09 2015
1,18.700000762939453,60.599998474121094,Tue Aug 11 23:36:17 2015
1,18.700000762939453,60.599998474121094,Tue Aug 11 23:36:27 2015
1,18.700000762939453,60.599998474121094,Tue Aug 11 23:36:35 2015
1,18.700000762939453,60.599998474121094,Tue Aug 11 23:36:41 2015
1,18.700000762939453,60.599998474121094,Tue Aug 11 23:36:46 2015
1,18.600000381469727,60.5,Tue Aug 11 23:36:57 2015
1,18.700000762939453,60.5,Tue Aug 11 23:37:03 2015
1,18.700000762939453,60.5,Tue Aug 11 23:37:11 2015
1,18.700000762939453,60.5,Tue Aug 11 23:37:19 2015
1,18.700000762939453,60.5,Tue Aug 11 23:37:24 2015
1,18.600000381469727,60.400001525878906,Tue Aug 11 23:37:30 2015
1,18.700000762939453,60.5,Tue Aug 11 23:37:35 2015
1,18.700000762939453,60.5,Tue Aug 11 23:37:41 2015
1,18.700000762939453,60.5,Tue Aug 11 23:37:47 2015
1,18.700000762939453,60.5,Tue Aug 11 23:37:52 2015
1,18.700000762939453,60.5,Tue Aug 11 23:38:00 2015
1,18.700000762939453,60.5,Tue Aug 11 23:38:08 2015
1,18.700000762939453,60.5,Tue Aug 11 23:38:14 2015
1,18.700000762939453,60.599998474121094,Tue Aug 11 23:38:19 2015
1,18.700000762939453,60.599998474121094,Tue Aug 11 23:38:30 2015
1,18.700000762939453,60.599998474121094,Tue Aug 11 23:38:36 2015
1,18.700000762939453,60.599998474121094,Tue Aug 11 23:38:41 2015
1,18.700000762939453,60.599998474121094,Tue Aug 11 23:38:52 2015
1,18.600000381469727,60.5,Tue Aug 11 23:38:57 2015
1,18.700000762939453,60.599998474121094,Tue Aug 11 23:39:03 2015
1,18.700000762939453,60.599998474121094,Tue Aug 11 23:39:11 2015
1,18.700000762939453,60.599998474121094,Tue Aug 11 23:39:17 2015
1,18.600000381469727,60.400001525878906,Tue Aug 11 23:39:30 2015
1,18.700000762939453,60.5,Tue Aug 11 23:39:40 2015
1,18.700000762939453,60.5,Tue Aug 11 23:39:46 2015
1,18.600000381469727,60.400001525878906,Tue Aug 11 23:39:57 2015
1,18.700000762939453,60.5,Tue Aug 11 23:40:02 2015
1,18.700000762939453,60.5,Tue Aug 11 23:40:10 2015
1,18.700000762939453,60.5,Tue Aug 11 23:40:21 2015
1,18.600000381469727,60.400001525878906,Tue Aug 11 23:40:34 2015
1,18.700000762939453,60.5,Tue Aug 11 23:40:39 2015
1,18.700000762939453,60.5,Tue Aug 11 23:40:45 2015
1,18.700000762939453,60.400001525878906,Tue Aug 11 23:40:53 2015
1,18.600000381469727,60.29999923706055,Tue Aug 11 23:40:59 2015
1,18.700000762939453,60.400001525878906,Tue Aug 11 23:41:07 2015
1,18.700000762939453,60.400001525878906,Tue Aug 11 23:41:12 2015
1,18.700000762939453,60.400001525878906,Tue Aug 11 23:41:20 2015
1,18.700000762939453,60.400001525878906,Tue Aug 11 23:41:31 2015
1,18.600000381469727,60.29999923706055,Tue Aug 11 23:41:37 2015
1,18.600000381469727,60.400001525878906,Tue Aug 11 23:41:47 2015
1,18.600000381469727,60.400001525878906,Tue Aug 11 23:41:53 2015
1,18.700000762939453,60.5,Tue Aug 11 23:42:03 2015
1,18.700000762939453,60.5,Tue Aug 11 23:42:09 2015
1,18.700000762939453,60.599998474121094,Tue Aug 11 23:42:14 2015
1,18.700000762939453,60.599998474121094,Tue Aug 11 23:42:20 2015
1,18.700000762939453,60.599998474121094,Tue Aug 11 23:42:28 2015
1,18.700000762939453,60.599998474121094,Tue Aug 11 23:42:39 2015
1,18.700000762939453,60.599998474121094,Tue Aug 11 23:42:44 2015
1,18.600000381469727,60.5,Tue Aug 11 23:42:57 2015
1,18.600000381469727,60.5,Tue Aug 11 23:43:03 2015
1,18.700000762939453,60.599998474121094,Tue Aug 11 23:43:09 2015
1,18.700000762939453,60.599998474121094,Tue Aug 11 23:43:14 2015
1,18.700000762939453,60.599998474121094,Tue Aug 11 23:43:20 2015
1,18.700000762939453,60.599998474121094,Tue Aug 11 23:43:25 2015
1,18.700000762939453,60.599998474121094,Tue Aug 11 23:43:31 2015
1,18.700000762939453,60.599998474121094,Tue Aug 11 23:43:36 2015
1,18.700000762939453,60.70000076293945,Tue Aug 11 23:43:42 2015
1,18.700000762939453,60.70000076293945,Tue Aug 11 23:43:47 2015
1,18.600000381469727,60.5,Tue Aug 11 23:43:58 2015
1,18.600000381469727,60.5,Tue Aug 11 23:44:04 2015
1,18.700000762939453,60.70000076293945,Tue Aug 11 23:44:12 2015
1,18.700000762939453,60.70000076293945,Tue Aug 11 23:44:25 2015
1,18.700000762939453,60.70000076293945,Tue Aug 11 23:44:30 2015
1,18.700000762939453,60.70000076293945,Tue Aug 11 23:44:39 2015
1,18.700000762939453,60.70000076293945,Tue Aug 11 23:44:47 2015
1,18.700000762939453,60.70000076293945,Tue Aug 11 23:44:52 2015
1,18.700000762939453,60.70000076293945,Tue Aug 11 23:44:58 2015
1,18.700000762939453,60.70000076293945,Tue Aug 11 23:45:03 2015
1,18.600000381469727,60.5,Tue Aug 11 23:45:09 2015
1,18.700000762939453,60.70000076293945,Tue Aug 11 23:45:17 2015
1,18.700000762939453,60.70000076293945,Tue Aug 11 23:45:28 2015
1,18.700000762939453,60.70000076293945,Tue Aug 11 23:45:36 2015
1,18.700000762939453,60.70000076293945,Tue Aug 11 23:45:41 2015
1,18.700000762939453,60.70000076293945,Tue Aug 11 23:45:47 2015
1,18.700000762939453,60.70000076293945,Tue Aug 11 23:45:52 2015
1,18.700000762939453,60.79999923706055,Tue Aug 11 23:45:58 2015
1,18.700000762939453,60.79999923706055,Tue Aug 11 23:46:03 2015
1,18.700000762939453,60.79999923706055,Tue Aug 11 23:46:09 2015
1,18.700000762939453,60.79999923706055,Tue Aug 11 23:46:15 2015
1,18.700000762939453,60.79999923706055,Tue Aug 11 23:46:20 2015
1,18.700000762939453,60.79999923706055,Tue Aug 11 23:46:26 2015
1,18.700000762939453,60.79999923706055,Tue Aug 11 23:46:31 2015
1,18.700000762939453,60.79999923706055,Tue Aug 11 23:46:42 2015
1,18.700000762939453,60.79999923706055,Tue Aug 11 23:46:50 2015
1,18.700000762939453,60.79999923706055,Tue Aug 11 23:46:56 2015
1,18.700000762939453,60.79999923706055,Tue Aug 11 23:47:01 2015
1,18.700000762939453,60.79999923706055,Tue Aug 11 23:47:09 2015
1,18.700000762939453,60.79999923706055,Tue Aug 11 23:47:17 2015
1,18.700000762939453,60.79999923706055,Tue Aug 11 23:47:23 2015
1,18.700000762939453,60.79999923706055,Tue Aug 11 23:47:44 2015
1,18.700000762939453,60.79999923706055,Tue Aug 11 23:47:49 2015
1,18.700000762939453,60.79999923706055,Tue Aug 11 23:47:55 2015
1,18.700000762939453,60.79999923706055,Tue Aug 11 23:48:00 2015
1,18.700000762939453,60.79999923706055,Tue Aug 11 23:48:08 2015
1,18.700000762939453,60.79999923706055,Tue Aug 11 23:48:16 2015
1,18.700000762939453,60.70000076293945,Tue Aug 11 23:48:22 2015
1,18.700000762939453,60.79999923706055,Tue Aug 11 23:48:28 2015
1,18.700000762939453,60.70000076293945,Tue Aug 11 23:48:36 2015
1,18.700000762939453,60.70000076293945,Tue Aug 11 23:48:44 2015
1,18.700000762939453,60.70000076293945,Tue Aug 11 23:48:57 2015
1,18.700000762939453,60.70000076293945,Tue Aug 11 23:49:02 2015
1,18.700000762939453,60.70000076293945,Tue Aug 11 23:49:08 2015
1,18.700000762939453,60.70000076293945,Tue Aug 11 23:49:14 2015
1,18.700000762939453,60.79999923706055,Tue Aug 11 23:49:19 2015
1,18.700000762939453,60.79999923706055,Tue Aug 11 23:49:25 2015
1,18.700000762939453,60.79999923706055,Tue Aug 11 23:49:30 2015
1,18.700000762939453,60.79999923706055,Tue Aug 11 23:49:36 2015
1,18.700000762939453,60.79999923706055,Tue Aug 11 23:49:46 2015
1,18.700000762939453,60.79999923706055,Tue Aug 11 23:49:57 2015
1,18.700000762939453,60.79999923706055,Tue Aug 11 23:50:03 2015
1,18.700000762939453,60.79999923706055,Tue Aug 11 23:50:11 2015
1,18.700000762939453,60.79999923706055,Tue Aug 11 23:50:21 2015
1,18.700000762939453,60.79999923706055,Tue Aug 11 23:50:37 2015
1,18.700000762939453,60.79999923706055,Tue Aug 11 23:50:43 2015
1,18.700000762939453,60.79999923706055,Tue Aug 11 23:50:48 2015
1,18.700000762939453,60.79999923706055,Tue Aug 11 23:50:59 2015
1,18.600000381469727,60.70000076293945,Tue Aug 11 23:51:04 2015
1,18.700000762939453,60.79999923706055,Tue Aug 11 23:51:10 2015
1,18.700000762939453,60.79999923706055,Tue Aug 11 23:51:20 2015
1,18.700000762939453,60.79999923706055,Tue Aug 11 23:51:26 2015
1,18.700000762939453,60.79999923706055,Tue Aug 11 23:51:32 2015
1,18.700000762939453,60.79999923706055,Tue Aug 11 23:51:37 2015
1,18.700000762939453,60.79999923706055,Tue Aug 11 23:51:45 2015
1,18.700000762939453,60.79999923706055,Tue Aug 11 23:51:53 2015
1,18.700000762939453,60.79999923706055,Tue Aug 11 23:51:59 2015
1,18.700000762939453,60.79999923706055,Tue Aug 11 23:52:04 2015
1,18.700000762939453,60.79999923706055,Tue Aug 11 23:52:10 2015
1,18.700000762939453,60.79999923706055,Tue Aug 11 23:52:16 2015
1,18.700000762939453,60.79999923706055,Tue Aug 11 23:52:21 2015
1,18.700000762939453,60.79999923706055,Tue Aug 11 23:52:27 2015
1,18.700000762939453,60.79999923706055,Tue Aug 11 23:52:37 2015
1,18.700000762939453,60.79999923706055,Tue Aug 11 23:52:48 2015
1,18.700000762939453,60.79999923706055,Tue Aug 11 23:52:53 2015
1,18.700000762939453,60.79999923706055,Tue Aug 11 23:52:59 2015
1,18.600000381469727,60.70000076293945,Tue Aug 11 23:53:05 2015
1,18.700000762939453,60.79999923706055,Tue Aug 11 23:53:13 2015
1,18.700000762939453,60.79999923706055,Tue Aug 11 23:53:21 2015
1,18.700000762939453,60.79999923706055,Tue Aug 11 23:53:31 2015
1,18.700000762939453,60.900001525878906,Tue Aug 11 23:53:39 2015
1,18.700000762939453,60.79999923706055,Tue Aug 11 23:53:50 2015
1,18.700000762939453,60.900001525878906,Tue Aug 11 23:53:56 2015
1,18.700000762939453,60.79999923706055,Tue Aug 11 23:54:01 2015
1,18.700000762939453,60.79999923706055,Tue Aug 11 23:54:07 2015
1,18.700000762939453,60.79999923706055,Tue Aug 11 23:54:12 2015
1,18.700000762939453,60.79999923706055,Tue Aug 11 23:54:18 2015
1,18.700000762939453,60.79999923706055,Tue Aug 11 23:54:26 2015
1,18.700000762939453,60.79999923706055,Tue Aug 11 23:54:34 2015
1,18.700000762939453,60.79999923706055,Tue Aug 11 23:54:40 2015
1,18.700000762939453,60.79999923706055,Tue Aug 11 23:54:45 2015
1,18.700000762939453,60.79999923706055,Tue Aug 11 23:54:51 2015
1,18.700000762939453,60.79999923706055,Tue Aug 11 23:54:56 2015
1,18.700000762939453,60.79999923706055,Tue Aug 11 23:55:02 2015
1,18.700000762939453,60.79999923706055,Tue Aug 11 23:55:10 2015
1,18.700000762939453,60.79999923706055,Tue Aug 11 23:55:18 2015
1,18.700000762939453,60.79999923706055,Tue Aug 11 23:55:26 2015
1,18.700000762939453,60.79999923706055,Tue Aug 11 23:55:32 2015
1,18.700000762939453,60.79999923706055,Tue Aug 11 23:55:37 2015
1,18.700000762939453,60.79999923706055,Tue Aug 11 23:55:43 2015
1,18.700000762939453,60.79999923706055,Tue Aug 11 23:55:56 2015
1,18.700000762939453,60.79999923706055,Tue Aug 11 23:56:01 2015
1,18.700000762939453,60.79999923706055,Tue Aug 11 23:56:10 2015
1,18.700000762939453,60.79999923706055,Tue Aug 11 23:56:15 2015
1,18.700000762939453,60.79999923706055,Tue Aug 11 23:56:21 2015
1,18.700000762939453,60.70000076293945,Tue Aug 11 23:56:26 2015
1,18.700000762939453,60.70000076293945,Tue Aug 11 23:56:32 2015
1,18.700000762939453,60.70000076293945,Tue Aug 11 23:56:37 2015
1,18.700000762939453,60.79999923706055,Tue Aug 11 23:56:43 2015
1,18.700000762939453,60.79999923706055,Tue Aug 11 23:56:51 2015
1,18.700000762939453,60.79999923706055,Tue Aug 11 23:56:59 2015
1,18.700000762939453,60.79999923706055,Tue Aug 11 23:57:10 2015
1,18.700000762939453,60.79999923706055,Tue Aug 11 23:57:20 2015
1,18.700000762939453,60.79999923706055,Tue Aug 11 23:57:26 2015
1,18.700000762939453,60.79999923706055,Tue Aug 11 23:57:34 2015
1,18.700000762939453,60.79999923706055,Tue Aug 11 23:57:39 2015
1,18.700000762939453,60.79999923706055,Tue Aug 11 23:57:45 2015
1,18.700000762939453,60.79999923706055,Tue Aug 11 23:57:51 2015
1,18.700000762939453,60.79999923706055,Tue Aug 11 23:57:56 2015
1,18.700000762939453,60.79999923706055,Tue Aug 11 23:58:02 2015
1,18.700000762939453,60.79999923706055,Tue Aug 11 23:58:12 2015
1,18.700000762939453,60.79999923706055,Tue Aug 11 23:58:18 2015
1,18.700000762939453,60.79999923706055,Tue Aug 11 23:58:23 2015
1,18.700000762939453,60.79999923706055,Tue Aug 11 23:58:29 2015
1,18.700000762939453,60.79999923706055,Tue Aug 11 23:58:50 2015
1,18.700000762939453,60.79999923706055,Tue Aug 11 23:58:55 2015
1,18.700000762939453,60.79999923706055,Tue Aug 11 23:59:11 2015
1,18.700000762939453,60.79999923706055,Tue Aug 11 23:59:17 2015
1,18.700000762939453,60.79999923706055,Tue Aug 11 23:59:25 2015
1,18.700000762939453,60.79999923706055,Tue Aug 11 23:59:30 2015
1,18.700000762939453,60.70000076293945,Tue Aug 11 23:59:38 2015
1,18.700000762939453,60.70000076293945,Tue Aug 11 23:59:44 2015
1,18.700000762939453,60.70000076293945,Tue Aug 11 23:59:49 2015
1,18.700000762939453,60.70000076293945,Tue Aug 11 23:59:55 2015
